0,0,0,10,OLSR,7.5,None
1,0,0,10,OLSR,7.5,None
2,0,0,10,OLSR,7.5,None
3,0,0,10,OLSR,7.5,None
4,0,0,10,OLSR,7.5,None
5,0,0,10,OLSR,7.5,None
6,0,0,10,OLSR,7.5,None
7,0,0,10,OLSR,7.5,None
8,0,0,10,OLSR,7.5,None
9,0,0,10,OLSR,7.5,None
10,0,0,10,OLSR,7.5,None
11,0,0,10,OLSR,7.5,None
12,0,0,10,OLSR,7.5,None
13,0,0,10,OLSR,7.5,None
14,0,0,10,OLSR,7.5,None
15,0,0,10,OLSR,7.5,None
16,0,0,10,OLSR,7.5,None
17,0,0,10,OLSR,7.5,None
18,0,0,10,OLSR,7.5,None
19,0,0,10,OLSR,7.5,None
20,0,0,10,OLSR,7.5,None
21,0,0,10,OLSR,7.5,None
22,0,0,10,OLSR,7.5,None
23,0,0,10,OLSR,7.5,None
24,0,0,10,OLSR,7.5,None
25,0,0,10,OLSR,7.5,None
26,0,0,10,OLSR,7.5,None
27,0,0,10,OLSR,7.5,None
28,0,0,10,OLSR,7.5,None
29,0,0,10,OLSR,7.5,None
30,0,0,10,OLSR,7.5,None
31,0,0,10,OLSR,7.5,None
32,0,0,10,OLSR,7.5,None
33,0,0,10,OLSR,7.5,None
34,0,0,10,OLSR,7.5,None
35,0,0,10,OLSR,7.5,None
36,0,0,10,OLSR,7.5,None
37,0,0,10,OLSR,7.5,None
38,0,0,10,OLSR,7.5,None
39,0,0,10,OLSR,7.5,None
40,0,0,10,OLSR,7.5,None
41,0,0,10,OLSR,7.5,None
42,0,0,10,OLSR,7.5,None
43,0,0,10,OLSR,7.5,None
44,0,0,10,OLSR,7.5,None
45,0,0,10,OLSR,7.5,None
46,0,0,10,OLSR,7.5,None
47,0,0,10,OLSR,7.5,None
48,0,0,10,OLSR,7.5,None
49,0,0,10,OLSR,7.5,None
50,0,0,10,OLSR,7.5,None
51,0,0,10,OLSR,7.5,None
52,0,0,10,OLSR,7.5,None
53,0,0,10,OLSR,7.5,None
54,0,0,10,OLSR,7.5,None
55,0,0,10,OLSR,7.5,None
56,0,0,10,OLSR,7.5,None
57,0,0,10,OLSR,7.5,None
58,0,0,10,OLSR,7.5,None
59,0,0,10,OLSR,7.5,None
60,0,0,10,OLSR,7.5,None
61,0,0,10,OLSR,7.5,None
62,0,0,10,OLSR,7.5,None
63,0,0,10,OLSR,7.5,None
64,0,0,10,OLSR,7.5,None
65,0,0,10,OLSR,7.5,None
66,0,0,10,OLSR,7.5,None
67,0,0,10,OLSR,7.5,None
68,0,0,10,OLSR,7.5,None
69,0,0,10,OLSR,7.5,None
70,0,0,10,OLSR,7.5,None
71,0,0,10,OLSR,7.5,None
72,0,0,10,OLSR,7.5,None
73,0,0,10,OLSR,7.5,None
74,0,0,10,OLSR,7.5,None
75,0,0,10,OLSR,7.5,None
76,0,0,10,OLSR,7.5,None
77,0,0,10,OLSR,7.5,None
78,0,0,10,OLSR,7.5,None
79,0,0,10,OLSR,7.5,None
80,0,0,10,OLSR,7.5,None
81,0,0,10,OLSR,7.5,None
82,0,0,10,OLSR,7.5,None
83,0,0,10,OLSR,7.5,None
84,0,0,10,OLSR,7.5,None
85,0,0,10,OLSR,7.5,None
86,0,0,10,OLSR,7.5,None
87,0,0,10,OLSR,7.5,None
88,0,0,10,OLSR,7.5,None
89,0,0,10,OLSR,7.5,None
90,0,0,10,OLSR,7.5,None
91,0,0,10,OLSR,7.5,None
92,0,0,10,OLSR,7.5,None
93,0,0,10,OLSR,7.5,None
94,0,0,10,OLSR,7.5,None
95,0,0,10,OLSR,7.5,None
96,0,0,10,OLSR,7.5,None
97,0,0,10,OLSR,7.5,None
98,0,0,10,OLSR,7.5,None
99,0,0,10,OLSR,7.5,None
100,0,0,10,OLSR,7.5,None
101,1.024,2,10,OLSR,7.5,None
102,4.096,8,10,OLSR,7.5,None
103,4.096,8,10,OLSR,7.5,None
104,3.584,7,10,OLSR,7.5,None
105,2.048,4,10,OLSR,7.5,None
106,2.048,4,10,OLSR,7.5,None
107,2.048,4,10,OLSR,7.5,None
108,3.584,7,10,OLSR,7.5,None
109,4.096,8,10,OLSR,7.5,None
110,4.096,8,10,OLSR,7.5,None
111,4.096,8,10,OLSR,7.5,None
112,4.096,8,10,OLSR,7.5,None
113,2.048,4,10,OLSR,7.5,None
114,2.048,4,10,OLSR,7.5,None
115,2.048,4,10,OLSR,7.5,None
116,3.072,6,10,OLSR,7.5,None
117,4.096,8,10,OLSR,7.5,None
118,4.096,8,10,OLSR,7.5,None
119,4.608,9,10,OLSR,7.5,None
120,4.096,8,10,OLSR,7.5,None
121,4.608,9,10,OLSR,7.5,None
122,2.048,4,10,OLSR,7.5,None
123,2.048,4,10,OLSR,7.5,None
124,2.048,4,10,OLSR,7.5,None
125,4.608,9,10,OLSR,7.5,None
126,4.096,8,10,OLSR,7.5,None
127,3.072,6,10,OLSR,7.5,None
128,2.048,4,10,OLSR,7.5,None
129,2.048,4,10,OLSR,7.5,None
130,2.048,4,10,OLSR,7.5,None
131,2.048,4,10,OLSR,7.5,None
132,2.048,4,10,OLSR,7.5,None
133,2.048,4,10,OLSR,7.5,None
134,2.048,4,10,OLSR,7.5,None
135,2.56,5,10,OLSR,7.5,None
136,2.048,4,10,OLSR,7.5,None
137,2.048,4,10,OLSR,7.5,None
138,0.512,1,10,OLSR,7.5,None
139,0,0,10,OLSR,7.5,None
140,0,0,10,OLSR,7.5,None
141,0,0,10,OLSR,7.5,None
142,0,0,10,OLSR,7.5,None
143,2.56,5,10,OLSR,7.5,None
144,4.096,8,10,OLSR,7.5,None
145,4.096,8,10,OLSR,7.5,None
146,4.096,8,10,OLSR,7.5,None
147,4.096,8,10,OLSR,7.5,None
148,4.096,8,10,OLSR,7.5,None
149,2.048,4,10,OLSR,7.5,None
150,2.048,4,10,OLSR,7.5,None
151,3.072,6,10,OLSR,7.5,None
152,4.096,8,10,OLSR,7.5,None
153,5.632,11,10,OLSR,7.5,None
154,6.144,12,10,OLSR,7.5,None
155,6.144,12,10,OLSR,7.5,None
156,6.144,12,10,OLSR,7.5,None
157,6.144,12,10,OLSR,7.5,None
158,6.144,12,10,OLSR,7.5,None
159,6.144,12,10,OLSR,7.5,None
160,6.144,12,10,OLSR,7.5,None
161,6.144,12,10,OLSR,7.5,None
162,6.144,12,10,OLSR,7.5,None
163,6.144,12,10,OLSR,7.5,None
164,6.144,12,10,OLSR,7.5,None
165,6.144,12,10,OLSR,7.5,None
166,6.144,12,10,OLSR,7.5,None
167,5.632,11,10,OLSR,7.5,None
168,4.096,8,10,OLSR,7.5,None
169,4.096,8,10,OLSR,7.5,None
170,4.096,8,10,OLSR,7.5,None
171,4.096,8,10,OLSR,7.5,None
172,4.096,8,10,OLSR,7.5,None
173,4.096,8,10,OLSR,7.5,None
174,4.096,8,10,OLSR,7.5,None
175,4.096,8,10,OLSR,7.5,None
176,4.096,8,10,OLSR,7.5,None
177,5.12,10,10,OLSR,7.5,None
178,5.632,11,10,OLSR,7.5,None
179,5.632,11,10,OLSR,7.5,None
180,6.144,12,10,OLSR,7.5,None
181,6.144,12,10,OLSR,7.5,None
182,5.12,10,10,OLSR,7.5,None
183,4.096,8,10,OLSR,7.5,None
184,4.096,8,10,OLSR,7.5,None
185,3.584,7,10,OLSR,7.5,None
186,2.048,4,10,OLSR,7.5,None
187,6.144,12,10,OLSR,7.5,None
188,2.56,5,10,OLSR,7.5,None
189,2.048,4,10,OLSR,7.5,None
190,2.048,4,10,OLSR,7.5,None
191,2.048,4,10,OLSR,7.5,None
192,2.048,4,10,OLSR,7.5,None
193,3.072,6,10,OLSR,7.5,None
194,4.096,8,10,OLSR,7.5,None
195,4.096,8,10,OLSR,7.5,None
196,4.096,8,10,OLSR,7.5,None
197,1.024,2,10,OLSR,7.5,None
198,0,0,10,OLSR,7.5,None
199,1.024,2,10,OLSR,7.5,None
0,0,0,10,OLSR,7.5,ECC
1,0,0,10,OLSR,7.5,ECC
2,0,0,10,OLSR,7.5,ECC
3,0,0,10,OLSR,7.5,ECC
4,0,0,10,OLSR,7.5,ECC
5,0,0,10,OLSR,7.5,ECC
6,0,0,10,OLSR,7.5,ECC
7,0,0,10,OLSR,7.5,ECC
8,0,0,10,OLSR,7.5,ECC
9,0,0,10,OLSR,7.5,ECC
10,0,0,10,OLSR,7.5,ECC
11,0,0,10,OLSR,7.5,ECC
12,0,0,10,OLSR,7.5,ECC
13,0,0,10,OLSR,7.5,ECC
14,0,0,10,OLSR,7.5,ECC
15,0,0,10,OLSR,7.5,ECC
16,0,0,10,OLSR,7.5,ECC
17,0,0,10,OLSR,7.5,ECC
18,0,0,10,OLSR,7.5,ECC
19,0,0,10,OLSR,7.5,ECC
20,0,0,10,OLSR,7.5,ECC
21,0,0,10,OLSR,7.5,ECC
22,0,0,10,OLSR,7.5,ECC
23,0,0,10,OLSR,7.5,ECC
24,0,0,10,OLSR,7.5,ECC
25,0,0,10,OLSR,7.5,ECC
26,0,0,10,OLSR,7.5,ECC
27,0,0,10,OLSR,7.5,ECC
28,0,0,10,OLSR,7.5,ECC
29,0,0,10,OLSR,7.5,ECC
30,0,0,10,OLSR,7.5,ECC
31,0,0,10,OLSR,7.5,ECC
32,0,0,10,OLSR,7.5,ECC
33,0,0,10,OLSR,7.5,ECC
34,0,0,10,OLSR,7.5,ECC
35,0,0,10,OLSR,7.5,ECC
36,0,0,10,OLSR,7.5,ECC
37,0,0,10,OLSR,7.5,ECC
38,0,0,10,OLSR,7.5,ECC
39,0,0,10,OLSR,7.5,ECC
40,0,0,10,OLSR,7.5,ECC
41,0,0,10,OLSR,7.5,ECC
42,0,0,10,OLSR,7.5,ECC
43,0,0,10,OLSR,7.5,ECC
44,0,0,10,OLSR,7.5,ECC
45,0,0,10,OLSR,7.5,ECC
46,0,0,10,OLSR,7.5,ECC
47,0,0,10,OLSR,7.5,ECC
48,0,0,10,OLSR,7.5,ECC
49,0,0,10,OLSR,7.5,ECC
50,0,0,10,OLSR,7.5,ECC
51,0,0,10,OLSR,7.5,ECC
52,0,0,10,OLSR,7.5,ECC
53,0,0,10,OLSR,7.5,ECC
54,0,0,10,OLSR,7.5,ECC
55,0,0,10,OLSR,7.5,ECC
56,0,0,10,OLSR,7.5,ECC
57,0,0,10,OLSR,7.5,ECC
58,0,0,10,OLSR,7.5,ECC
59,0,0,10,OLSR,7.5,ECC
60,0,0,10,OLSR,7.5,ECC
61,0,0,10,OLSR,7.5,ECC
62,0,0,10,OLSR,7.5,ECC
63,0,0,10,OLSR,7.5,ECC
64,0,0,10,OLSR,7.5,ECC
65,0,0,10,OLSR,7.5,ECC
66,0,0,10,OLSR,7.5,ECC
67,0,0,10,OLSR,7.5,ECC
68,0,0,10,OLSR,7.5,ECC
69,0,0,10,OLSR,7.5,ECC
70,0,0,10,OLSR,7.5,ECC
71,0,0,10,OLSR,7.5,ECC
72,0,0,10,OLSR,7.5,ECC
73,0,0,10,OLSR,7.5,ECC
74,0,0,10,OLSR,7.5,ECC
75,0,0,10,OLSR,7.5,ECC
76,0,0,10,OLSR,7.5,ECC
77,0,0,10,OLSR,7.5,ECC
78,0,0,10,OLSR,7.5,ECC
79,0,0,10,OLSR,7.5,ECC
80,0,0,10,OLSR,7.5,ECC
81,0,0,10,OLSR,7.5,ECC
82,0,0,10,OLSR,7.5,ECC
83,0,0,10,OLSR,7.5,ECC
84,0,0,10,OLSR,7.5,ECC
85,0,0,10,OLSR,7.5,ECC
86,0,0,10,OLSR,7.5,ECC
87,0,0,10,OLSR,7.5,ECC
88,0,0,10,OLSR,7.5,ECC
89,0,0,10,OLSR,7.5,ECC
90,0,0,10,OLSR,7.5,ECC
91,0,0,10,OLSR,7.5,ECC
92,0,0,10,OLSR,7.5,ECC
93,0,0,10,OLSR,7.5,ECC
94,0,0,10,OLSR,7.5,ECC
95,0,0,10,OLSR,7.5,ECC
96,0,0,10,OLSR,7.5,ECC
97,0,0,10,OLSR,7.5,ECC
98,0,0,10,OLSR,7.5,ECC
99,0,0,10,OLSR,7.5,ECC
100,0,0,10,OLSR,7.5,ECC
101,1.024,2,10,OLSR,7.5,ECC
102,4.096,8,10,OLSR,7.5,ECC
103,4.096,8,10,OLSR,7.5,ECC
104,3.584,7,10,OLSR,7.5,ECC
105,2.048,4,10,OLSR,7.5,ECC
106,2.048,4,10,OLSR,7.5,ECC
107,2.048,4,10,OLSR,7.5,ECC
108,3.584,7,10,OLSR,7.5,ECC
109,4.096,8,10,OLSR,7.5,ECC
110,4.096,8,10,OLSR,7.5,ECC
111,4.096,8,10,OLSR,7.5,ECC
112,4.096,8,10,OLSR,7.5,ECC
113,2.048,4,10,OLSR,7.5,ECC
114,2.048,4,10,OLSR,7.5,ECC
115,2.048,4,10,OLSR,7.5,ECC
116,3.072,6,10,OLSR,7.5,ECC
117,4.096,8,10,OLSR,7.5,ECC
118,4.096,8,10,OLSR,7.5,ECC
119,4.608,9,10,OLSR,7.5,ECC
120,4.096,8,10,OLSR,7.5,ECC
121,4.608,9,10,OLSR,7.5,ECC
122,2.048,4,10,OLSR,7.5,ECC
123,2.048,4,10,OLSR,7.5,ECC
124,2.048,4,10,OLSR,7.5,ECC
125,4.608,9,10,OLSR,7.5,ECC
126,4.096,8,10,OLSR,7.5,ECC
127,3.072,6,10,OLSR,7.5,ECC
128,2.048,4,10,OLSR,7.5,ECC
129,2.048,4,10,OLSR,7.5,ECC
130,2.048,4,10,OLSR,7.5,ECC
131,2.048,4,10,OLSR,7.5,ECC
132,2.048,4,10,OLSR,7.5,ECC
133,2.048,4,10,OLSR,7.5,ECC
134,2.048,4,10,OLSR,7.5,ECC
135,2.56,5,10,OLSR,7.5,ECC
136,2.048,4,10,OLSR,7.5,ECC
137,2.048,4,10,OLSR,7.5,ECC
138,0.512,1,10,OLSR,7.5,ECC
139,0,0,10,OLSR,7.5,ECC
140,0,0,10,OLSR,7.5,ECC
141,0,0,10,OLSR,7.5,ECC
142,0,0,10,OLSR,7.5,ECC
143,2.56,5,10,OLSR,7.5,ECC
144,4.096,8,10,OLSR,7.5,ECC
145,4.096,8,10,OLSR,7.5,ECC
146,4.096,8,10,OLSR,7.5,ECC
147,4.096,8,10,OLSR,7.5,ECC
148,4.096,8,10,OLSR,7.5,ECC
149,2.048,4,10,OLSR,7.5,ECC
150,2.048,4,10,OLSR,7.5,ECC
151,3.072,6,10,OLSR,7.5,ECC
152,4.096,8,10,OLSR,7.5,ECC
153,5.632,11,10,OLSR,7.5,ECC
154,6.144,12,10,OLSR,7.5,ECC
155,6.144,12,10,OLSR,7.5,ECC
156,6.144,12,10,OLSR,7.5,ECC
157,6.144,12,10,OLSR,7.5,ECC
158,6.144,12,10,OLSR,7.5,ECC
159,6.144,12,10,OLSR,7.5,ECC
160,6.144,12,10,OLSR,7.5,ECC
161,6.144,12,10,OLSR,7.5,ECC
162,6.144,12,10,OLSR,7.5,ECC
163,6.144,12,10,OLSR,7.5,ECC
164,6.144,12,10,OLSR,7.5,ECC
165,6.144,12,10,OLSR,7.5,ECC
166,6.144,12,10,OLSR,7.5,ECC
167,5.632,11,10,OLSR,7.5,ECC
168,4.096,8,10,OLSR,7.5,ECC
169,4.096,8,10,OLSR,7.5,ECC
170,4.096,8,10,OLSR,7.5,ECC
171,4.096,8,10,OLSR,7.5,ECC
172,4.096,8,10,OLSR,7.5,ECC
173,4.096,8,10,OLSR,7.5,ECC
174,4.096,8,10,OLSR,7.5,ECC
175,4.096,8,10,OLSR,7.5,ECC
176,4.096,8,10,OLSR,7.5,ECC
177,5.12,10,10,OLSR,7.5,ECC
178,5.632,11,10,OLSR,7.5,ECC
179,5.632,11,10,OLSR,7.5,ECC
180,6.144,12,10,OLSR,7.5,ECC
181,6.144,12,10,OLSR,7.5,ECC
182,5.12,10,10,OLSR,7.5,ECC
183,4.096,8,10,OLSR,7.5,ECC
184,4.096,8,10,OLSR,7.5,ECC
185,3.584,7,10,OLSR,7.5,ECC
186,2.048,4,10,OLSR,7.5,ECC
187,6.144,12,10,OLSR,7.5,ECC
188,2.56,5,10,OLSR,7.5,ECC
189,2.048,4,10,OLSR,7.5,ECC
190,2.048,4,10,OLSR,7.5,ECC
191,2.048,4,10,OLSR,7.5,ECC
192,2.048,4,10,OLSR,7.5,ECC
193,3.072,6,10,OLSR,7.5,ECC
194,4.096,8,10,OLSR,7.5,ECC
195,4.096,8,10,OLSR,7.5,ECC
196,4.096,8,10,OLSR,7.5,ECC
197,1.024,2,10,OLSR,7.5,ECC
198,0,0,10,OLSR,7.5,ECC
199,1.024,2,10,OLSR,7.5,ECC
